{
  "custom.hobaek1":  {"sounds":  ["custom/hobaek1"]},
  "custom.hobaek2":  {"sounds":  ["custom/hobaek2"]},
  "custom.hobaek3":  {"sounds":  ["custom/hobaek3"]},
  "custom.luckd":  {"sounds":  ["custom/luckd"]},
  "custom.note":  {"sounds":  ["custom/note"]},
  "custom.rdb1":  {"sounds":  ["custom/rdb1"]},
  "custom.rdb2":  {"sounds":  ["custom/rdb2"]},
  "custom.rdb3":  {"sounds":  ["custom/rdb3"]},
  "custom.siren1":  {"sounds":  ["custom/siren1"]},
  "ttrm.1":  {"sounds":  ["ttrm/1"]}
}
